type,name,notice,furigana
容器包装プラスチック,アイスキャンディーの袋,中身を残さない,あ
燃えるごみ,アイスキャンディーの棒・スプーン,,あ
容器包装紙,アイスクリームの紙カップ,中をすすぎ、水を切る,あ
容器包装プラスチック,アイスクリームのプラカップ,,あ
容器包装紙,アイスクリームの外箱,,あ
古紙類・紙パック／不燃ごみ／ビン・カン,アイロン,[不燃ごみ],あ
古紙類・紙パック／不燃ごみ／ビン・カン,アイロン台（袋に入るもの） ,[不燃ごみ]大きい物は粗大,あ
古紙類・紙パック／不燃ごみ／ビン・カン,空き缶（飲料用） ,[カン]中をすすぎ、水を切る,あ
古紙類・紙パック／不燃ごみ／ビン・カン,空きビン（飲料用） ,[ビン]フタを取り、中をすすぎ、水を切る,あ
古紙類・紙パック／不燃ごみ／ビン・カン,アクセサリー,[不燃ごみ],あ
粗大ごみ／有害ごみ,アコーディオンカーテン,[粗大ごみ]10㎏につき1枚貼る,あ
古紙類・紙パック／不燃ごみ／ビン・カン,味付けのり容器（缶） ,[カン]中身を残さない,あ
容器包装プラスチック,味付けのり容器（プラスチック） ,中をすすぎ、水を切る,あ
古紙類・紙パック／不燃ごみ／ビン・カン,アダプター,[不燃ごみ],あ
古紙類・紙パック／不燃ごみ／ビン・カン,油の缶・ビン,[不燃ごみ]一斗缶より小さい物,あ
粗大ごみ／有害ごみ,雨どい,[粗大ごみ]10㎏につき1枚貼る（180㎝までにする）,あ
容器包装プラスチック,飴の外袋（プラスチック） ,中身を残さない,あ
容器包装紙,飴の包み・個袋（紙） ,中身を残さない,あ
容器包装プラスチック,飴の包み・個袋（プラスチック） ,中身を残さない,あ
燃えるごみ,アルバム,,あ
古紙類・紙パック／不燃ごみ／ビン・カン,アルミ缶,[カン]中をすすぎ、水を切る,あ
燃えるごみ,アルミ製品（食品のついたもの） ,,あ
古紙類・紙パック／不燃ごみ／ビン・カン,アルミ製品（天ぷらガード） ,[不燃ごみ],あ
燃えるごみ,アルミ箔の菓子袋,,あ
燃えるごみ,アルミホイル,,あ
燃えるごみ,アルミホイルの芯,,あ
古紙類・紙パック／不燃ごみ／ビン・カン,アルミホイルの刃,[不燃ごみ],あ
容器包装紙,アルミホイルの箱,,あ
古紙類・紙パック／不燃ごみ／ビン・カン,安全靴,[不燃ごみ],あ
古紙類・紙パック／不燃ごみ／ビン・カン,アンテナ,[不燃ごみ]袋に入らないものは粗大,あ
粗大ごみ／有害ごみ,衣装ケース,[粗大ごみ]10㎏につき1枚貼る,い
粗大ごみ／有害ごみ,椅子,[粗大ごみ]10㎏につき1枚貼る,い
古紙類・紙パック／不燃ごみ／ビン・カン,板ガラス,[不燃ごみ]新聞紙などにくるんで袋に危険と表示,い
燃えるごみ,板ぎれ,,い
容器包装プラスチック,いちごパック,中をすすぎ、水を切る,い
容器包装プラスチック,いちごパックの外装フィルム,,い
粗大ごみ／有害ごみ,一輪車（ねこ車） ,[粗大ごみ]10㎏につき1枚貼る,い
古紙類・紙パック／不燃ごみ／ビン・カン,一斗缶（油以外） ,[不燃ごみ]中をすすぎ、水を切る（大きい物は粗大）,い
古紙類・紙パック／不燃ごみ／ビン・カン,鋳物鍋（金属類） ,[不燃ごみ],い
古紙類・紙パック／不燃ごみ／ビン・カン,イヤホン,[不燃ごみ],い
容器包装プラスチック,衣料品の包装袋（プラスチック） ,,い
燃えるごみ,衣類,,い
容器包装プラスチック,インスタント食品の容器,中をすすぎ、水を切る,い
古紙類・紙パック／不燃ごみ／ビン・カン,ウイスキービン,[ビン]フタを取り、中をすすぎ、水を切る,う
燃えるごみ,植木の剪定ごみ,,う
燃えるごみ,植木鉢（プラスチック） ,,う
古紙類・紙パック／不燃ごみ／ビン・カン,植木鉢（焼き物） ,[不燃ごみ],う
燃えるごみ,うちわ,,う
古紙類・紙パック／不燃ごみ／ビン・カン,腕時計,[不燃ごみ],う
粗大ごみ／有害ごみ,乳母車,[粗大ごみ]10㎏につき1枚貼る,う
燃えるごみ,運動靴,,う
燃えるごみ,エアーマット,,え
古紙類・紙パック／不燃ごみ／ビン・カン,絵の具チューブ,[不燃ごみ]中身を残さない,え
燃えるごみ,MD ,,え
粗大ごみ／有害ごみ,エレクトーン,[粗大ごみ]10㎏につき1枚貼る,え
燃えるごみ,鉛筆,,え
古紙類・紙パック／不燃ごみ／ビン・カン,鉛筆削り機,[不燃ごみ],え
粗大ごみ／有害ごみ,応接セット,[粗大ごみ]10㎏につき1枚貼る,お
古紙類・紙パック／不燃ごみ／ビン・カン,オーブントースター,[不燃ごみ],お
粗大ごみ／有害ごみ,オーブンレンジ,[粗大ごみ]10㎏につき1枚貼る,お
燃えるごみ,桶（木・プラスチック） ,,お
燃えるごみ,落ち葉,,お
燃えるごみ,お手拭き,,お
容器包装プラスチック,お手拭きの袋,中身を残さない,お
燃えるごみ,オムツ,汚物を取り除く,お
燃えるごみ,オムツカバー,,お
古紙類・紙パック／不燃ごみ／ビン・カン,おもちゃ（金属含むもの） ,[不燃ごみ]電池が付いている場合は外す,お
燃えるごみ,おもちゃ（プラスチック） ,,お
容器包装紙,おもちゃの外箱（紙） ,,お
粗大ごみ／有害ごみ,オルガン,[粗大ごみ]10㎏につき1枚貼る,お
古紙類・紙パック／不燃ごみ／ビン・カン,おろし器（金属） ,[不燃ごみ],お
燃えるごみ,おろし器（プラスチック） ,,お
古紙類・紙パック／不燃ごみ／ビン・カン,温度計,[不燃ごみ],お
燃えるごみ,カーテン,短く切って、指定袋へ,か
粗大ごみ／有害ごみ,カーテンレール,[粗大ごみ]10㎏につき1枚貼る,か
粗大ごみ／有害ごみ,カーペット（じゅうたん） ,[粗大ごみ]10㎏につき1枚貼る,か
燃えるごみ,貝殻,,か
古紙類・紙パック／不燃ごみ／ビン・カン,懐中電灯,[不燃ごみ]電池は外して出す,か
容器包装プラスチック,買い物袋（レジ袋・プラスチック） ,,か
燃えるごみ,カイロ（使い捨て） ,,か
古紙類・紙パック／不燃ごみ／ビン・カン,かがみ（手鏡） ,[不燃ごみ],か
燃えるごみ,額縁（プラスチック） ,,か
燃えるごみ,額縁（木製） ,,か
粗大ごみ／有害ごみ,家具類,[粗大ごみ]10㎏につき1枚貼る（中を空にする）,か
古紙類・紙パック／不燃ごみ／ビン・カン,かさ,[不燃ごみ],か
古紙類・紙パック／不燃ごみ／ビン・カン,菓子缶,[カン]中身を残さない,か
容器包装紙,菓子箱（紙） ,中身を残さない,か
容器包装プラスチック,菓子箱の中仕切り（プラスチック） ,中身を残さない,か
容器包装紙,菓子袋（紙） ,中身を残さない,か
容器包装プラスチック,菓子袋（ビニール） ,中身を残さない,か
粗大ごみ／有害ごみ,ガスコンロ,[粗大ごみ]10㎏につき1枚貼る,か
古紙類・紙パック／不燃ごみ／ビン・カン,ガスライター,[不燃ごみ]中身を使いきる,か
粗大ごみ／有害ごみ,ガスレンジ,[粗大ごみ]10㎏につき1枚貼る,か
古紙類・紙パック／不燃ごみ／ビン・カン,カセット式コンロ,[不燃ごみ],か
古紙類・紙パック／不燃ごみ／ビン・カン,カセット式ボンベ,[不燃ごみ],か
燃えるごみ,カセットテープ,,か
粗大ごみ／有害ごみ,肩もみ機,[粗大ごみ]10㎏につき1枚貼る,か
古紙類・紙パック／不燃ごみ／ビン・カン,カタログ,[古紙]ひもで十字にくくる,か
古紙類・紙パック／不燃ごみ／ビン・カン,楽器（金属製） ,[不燃ごみ]大きい物は粗大,か
燃えるごみ,楽器（木・プラスチック） ,,か
古紙類・紙パック／不燃ごみ／ビン・カン,カッターナイフ（刃は別に） ,[不燃ごみ],か
古紙類・紙パック／不燃ごみ／ビン・カン,カッターナイフの刃,[不燃ごみ],か
燃えるごみ,カッパ,,か
容器包装プラスチック,カップめんのカップ（プラ） ,中をすすぎ、水を切る,か
容器包装紙,カップめんのカップ（紙） ,中をすすぎ、水を切る,か
容器包装プラスチック,カップめんの外装フィルム,,か
容器包装プラスチック,カップめんのフタ（プラ） ,すすいで水を切る,か
容器包装紙,カップめんのフタ（紙） ,すすいで水を切る,か
容器包装プラスチック,カップめんの具の袋,中をすすぎ、水を切る,か
燃えるごみ,カップめんのスープの袋,,か
古紙類・紙パック／不燃ごみ／ビン・カン,金網,[不燃ごみ],か
燃えるごみ,かばん（皮革製品） ,,か
古紙類・紙パック／不燃ごみ／ビン・カン,釜,[不燃ごみ],か
燃えるごみ,紙オムツ,,か
燃えるごみ,紙くず,,か
燃えるごみ,紙コップ,,か
燃えるごみ,紙皿,,か
容器包装紙,紙袋（店で商品を入れたもの） ,,か
燃えるごみ,ガム,,か
容器包装紙,ガムの包み紙,ガムを包んだ物は燃えるごみ,か
容器包装紙,ガムの外箱,中身を残さない,か
古紙類・紙パック／不燃ごみ／ビン・カン,カミソリ（刃は別に） ,[不燃ごみ],か
古紙類・紙パック／不燃ごみ／ビン・カン,カミソリの刃,[不燃ごみ]フタのできる容器などに入れて出す,か
古紙類・紙パック／不燃ごみ／ビン・カン,紙パック（内側が銀色ではないもの） ,[古紙]すすいで、開いて、ひもで十字にくくる,か
容器包装紙,紙パック（内側が銀色のもの） ,開いて、すすいでから出す,か
古紙類・紙パック／不燃ごみ／ビン・カン,亀の子たわし,[不燃ごみ],か
古紙類・紙パック／不燃ごみ／ビン・カン,カメラ,[不燃ごみ],か
粗大ごみ／有害ごみ,カラーボックス,[粗大ごみ]10㎏につき1枚貼る,か
容器包装プラスチック,からしのチューブ,フタを取り、中をすすぎ、水を切る,か
古紙類・紙パック／不燃ごみ／ビン・カン,ガラス製品,[不燃ごみ],か
燃えるごみ,カレンダー,金具は取り除く,か
燃えるごみ,革製品（革靴・バック等） ,容易に外せる金具は取り除く,か
古紙類・紙パック／不燃ごみ／ビン・カン,換気扇,[不燃ごみ],か
燃えるごみ,乾燥剤,,か
古紙類・紙パック／不燃ごみ／ビン・カン,かんづめ缶,[カン]中をすすぎ、水を切る,か
粗大ごみ／有害ごみ,乾電池,[有害ごみ]袋に乾電池のみ入れ、有害ごみと表示,か
古紙類・紙パック／不燃ごみ／ビン・カン,花ビン,[不燃ごみ],か
燃えるごみ,木くず,,き
容器包装プラスチック,キャラメルの外装フィルム,,き
容器包装紙,キャラメルの包み紙,中身を残さない,き
容器包装紙,キャラメルの箱,中身を残さない,き
粗大ごみ／有害ごみ,給湯器,[粗大ごみ]10㎏につき1枚貼る,き
古紙類・紙パック／不燃ごみ／ビン・カン,牛乳パック,[古紙]すすいで、開いて、ひもで十字にくくる,き
粗大ごみ／有害ごみ,鏡台,[粗大ごみ]10㎏につき1枚貼る,き
古紙類・紙パック／不燃ごみ／ビン・カン,きり,[不燃ごみ]新聞紙などにくるんで袋に危険と表示,き
古紙類・紙パック／不燃ごみ／ビン・カン,金庫（手さげ） ,[不燃ごみ],き
古紙類・紙パック／不燃ごみ／ビン・カン,金庫キャップ,[不燃ごみ],き
古紙類・紙パック／不燃ごみ／ビン・カン,金属線,[不燃ごみ],き
古紙類・紙パック／不燃ごみ／ビン・カン,くぎ,[不燃ごみ],く
燃えるごみ,草・雑草,,く
燃えるごみ,くし（プラスチック） ,,く
燃えるごみ,薬の紙袋,,く
燃えるごみ,薬（錠剤やカプセル） ,,く
燃えるごみ,薬の包み紙,,く
燃えるごみ,薬の包装シート,,く
古紙類・紙パック／不燃ごみ／ビン・カン,薬ビン（市販のもの） ,[不燃ごみ]中身を残さない,く
容器包装プラスチック,口紅ケース（プラ） ,,く
燃えるごみ,靴・ズック,,く
燃えるごみ,くつした,,く
燃えるごみ,クッション,,く
燃えるごみ,靴の中敷,,く
容器包装紙,靴の箱,,く
燃えるごみ,クリーニング袋,,く
古紙類・紙パック／不燃ごみ／ビン・カン,クリスタルガラス,[不燃ごみ],く
粗大ごみ／有害ごみ,車いす,[粗大ごみ]10㎏につき1枚貼る,く
燃えるごみ,クレヨン,,く
容器包装紙,クレヨンの中敷（紙） ,,く
容器包装紙,クレヨンの箱（紙） ,,く
燃えるごみ,グローブ,,く
燃えるごみ,軍手,　,く
粗大ごみ／有害ごみ,蛍光管有害,[有害ごみ]ひもでくくるか、購入時の箱に入れる,け
古紙類・紙パック／不燃ごみ／ビン・カン,計算機,[不燃ごみ],け
古紙類・紙パック／不燃ごみ／ビン・カン,携帯電話,[不燃ごみ],け
燃えるごみ,毛糸,,け
容器包装紙,ケーキの箱（紙） ,中身を残さない,け
容器包装紙,化粧品の箱（紙） ,,け
古紙類・紙パック／不燃ごみ／ビン・カン,化粧品のビン,[不燃ごみ]中身を残さない,け
容器包装プラスチック,化粧品のフタ,,け
燃えるごみ,下駄,,け
粗大ごみ／有害ごみ,下駄箱,[粗大ごみ]10㎏につき1枚貼る,け
容器包装プラスチック,ケチャップの外袋,,け
容器包装プラスチック,ケチャップの容器,フタを取り、中をすすぎ、水を切る,け
燃えるごみ,玄関マット（布製） ,,け
古紙類・紙パック／不燃ごみ／ビン・カン,広告紙,[古紙]新聞紙とは区別し、ひもで十字にくくる,こ
燃えるごみ,紅茶の葉,,こ
古紙類・紙パック／不燃ごみ／ビン・カン,紅茶の缶,[カン]中身を残さない,こ
燃えるごみ,紅茶のティーバック,,こ
容器包装紙,紅茶のティーバックの袋,,こ
古紙類・紙パック／不燃ごみ／ビン・カン,ゴーグル,[不燃ごみ],こ
古紙類・紙パック／不燃ごみ／ビン・カン,ゴーグル（金属・ガラス製） ,[不燃ごみ],こ
古紙類・紙パック／不燃ごみ／ビン・カン,コーヒーメーカー,[不燃ごみ],こ
古紙類・紙パック／不燃ごみ／ビン・カン,小型電化製品,[不燃ごみ],こ
古紙類・紙パック／不燃ごみ／ビン・カン,小刀,[不燃ごみ]新聞紙などにくるんで危険と表示,こ
燃えるごみ,ござ（い草） ,大きい物は粗大,こ
粗大ごみ／有害ごみ,こたつ,[粗大ごみ]10㎏につき1枚貼る,こ
古紙類・紙パック／不燃ごみ／ビン・カン,コップ（ガラス） ,[不燃ごみ],こ
燃えるごみ,ゴム手袋,,こ
燃えるごみ,ゴムホース,80㎝以下にする,こ
粗大ごみ／有害ごみ,ゴルフクラブ,[粗大ごみ]10㎏につき1枚貼る,こ
粗大ごみ／有害ごみ,ゴルフバック,[粗大ごみ]10㎏につき1枚貼る,こ
燃えるごみ,ゴルフボール,,こ
古紙類・紙パック／不燃ごみ／ビン・カン,コンパクト（化粧用） ,[不燃ごみ],こ
粗大ごみ／有害ごみ,座椅子,[粗大ごみ]10㎏につき1枚貼る,さ
燃えるごみ,財布,,さ
燃えるごみ,サインペン,,さ
古紙類・紙パック／不燃ごみ／ビン・カン,魚焼網,[不燃ごみ],さ
燃えるごみ,酒箱,印刷に金箔が使われているもの,さ
容器包装紙,酒パック（内側が銀色のもの） ,中をすすぎ、水を切る,さ
容器包装プラスチック,酒パックのフタ,,さ
古紙類・紙パック／不燃ごみ／ビン・カン,酒ビン,[ビン]販売店に引取ってもらうか、ビンとして出す,さ
古紙類・紙パック／不燃ごみ／ビン・カン,雑誌,[古紙]ひもで十字にくくる（新聞紙と混ぜない）,さ
燃えるごみ,座布団,大きい物は粗大,さ
古紙類・紙パック／不燃ごみ／ビン・カン,皿,[不燃ごみ],さ
古紙類・紙パック／不燃ごみ／ビン・カン,三脚,[不燃ごみ],さ
燃えるごみ,サンダル,,さ
粗大ごみ／有害ごみ,三輪車,[粗大ごみ]10㎏につき1枚貼る,さ
燃えるごみ,シーツ,,し
燃えるごみ,CD ,,し
燃えるごみ,CDケース,,し
古紙類・紙パック／不燃ごみ／ビン・カン,磁石（マグネット） ,[不燃ごみ],し
燃えるごみ,下着類,,し
粗大ごみ／有害ごみ,七輪,[粗大ごみ]10㎏につき1枚貼る,し
燃えるごみ,湿布薬,,し
粗大ごみ／有害ごみ,自転車,[粗大ごみ]10㎏につき1枚貼る,し
古紙類・紙パック／不燃ごみ／ビン・カン,シャープペンシル,[不燃ごみ],し
燃えるごみ,写真,,し
燃えるごみ,シャワーカーテン（ビニール） ,,し
容器包装プラスチック,シャンプー・リンス容器,フタを取り、中をすすぎ、水を切る,し
古紙類・紙パック／不燃ごみ／ビン・カン,ジューサー,[不燃ごみ],し
古紙類・紙パック／不燃ごみ／ビン・カン,ジュースビン,[ビン]フタを取り、中をすすぎ、水を切る,し
古紙類・紙パック／不燃ごみ／ビン・カン,週刊誌,[古紙]ひもで十字にくくる,し
粗大ごみ／有害ごみ,じゅうたん,[粗大ごみ]10㎏につき1枚貼る,し
燃えるごみ,シュレッダーごみ,,し
古紙類・紙パック／不燃ごみ／ビン・カン,定規（金属） ,[不燃ごみ],し
燃えるごみ,定規（プラスチック） ,,し
容器包装プラスチック,錠剤の包み,,し
粗大ごみ／有害ごみ,障子,[粗大ごみ]10㎏につき1枚貼る,し
古紙類・紙パック／不燃ごみ／ビン・カン,照明器具,[不燃ごみ],し
古紙類・紙パック／不燃ごみ／ビン・カン,しょうゆビン,[ビン]フタを取り、中をすすぎ、水を切る,し
燃えるごみ,食品等が付着したビニール類,,し
容器包装プラスチック,食品トレイ,中をすすぎ、水を切る,し
古紙類・紙パック／不燃ごみ／ビン・カン,除湿剤,[不燃ごみ],し
古紙類・紙パック／不燃ごみ／ビン・カン,食器（陶磁器） ,[不燃ごみ],し
燃えるごみ,食器（プラスチック） ,,し
粗大ごみ／有害ごみ,食器乾燥機,[粗大ごみ]10㎏につき1枚貼る,し
粗大ごみ／有害ごみ,食器棚,[粗大ごみ]10㎏につき1枚貼る,し
古紙類・紙パック／不燃ごみ／ビン・カン,新聞紙,[古紙]広告と区別し、ひもで十字でくくる,し
粗大ごみ／有害ごみ,水銀体温計,[有害ごみ]袋に水銀体温計のみ入れ、有害ごみと表示,す
古紙類・紙パック／不燃ごみ／ビン・カン,水中メガネ,[不燃ごみ],す
古紙類・紙パック／不燃ごみ／ビン・カン,水筒,[不燃ごみ],す
粗大ごみ／有害ごみ,炊飯器,[粗大ごみ]10㎏につき1枚貼る,す
粗大ごみ／有害ごみ,スーツケース,[粗大ごみ]10㎏につき1枚貼る,す
古紙類・紙パック／不燃ごみ／ビン・カン,スキーくつ,[不燃ごみ],す
粗大ごみ／有害ごみ,スキー用品,[粗大ごみ]10㎏につき1枚貼る,す
燃えるごみ,すし桶,,す
燃えるごみ,すだれ,大きい物は粗大,す
古紙類・紙パック／不燃ごみ／ビン・カン,スチール缶,[カン]中をすすぎ、水を切る,す
粗大ごみ／有害ごみ,ステレオ,[粗大ごみ]10㎏につき1枚貼る,す
粗大ごみ／有害ごみ,ストーブ,[粗大ごみ]10㎏につき1枚貼る（電池や灯油は抜く）,す
燃えるごみ,ストッキング,,す
容器包装紙,ストッキングの台紙,,す
容器包装プラスチック,ストッキングのビニール袋,,す
燃えるごみ,ストロー,,す
容器包装紙,ストローの袋（紙） ,,す
容器包装プラスチック,ストローの袋（プラスチック） ,,す
粗大ごみ／有害ごみ,スピーカー,[粗大ごみ]10㎏につき1枚貼る,す
古紙類・紙パック／不燃ごみ／ビン・カン,スプーン（金属） ,[不燃ごみ],す
燃えるごみ,スプーン（プラスチック） ,,す
古紙類・紙パック／不燃ごみ／ビン・カン,スプレー缶,[不燃ごみ]中身を使いきり、必ず穴を開ける,す
容器包装プラスチック,スプレー缶のフタ,,す
燃えるごみ,スポンジ,,す
燃えるごみ,スリッパ,,す
古紙類・紙パック／不燃ごみ／ビン・カン,すり鉢,[不燃ごみ],す
古紙類・紙パック／不燃ごみ／ビン・カン,製氷皿,[不燃ごみ],せ
燃えるごみ,生理用品,,せ
燃えるごみ,セーター,,せ
燃えるごみ,石鹸,,せ
容器包装紙,石鹸の箱,,せ
容器包装プラスチック,石鹸の袋（プラスチック） ,,せ
古紙類・紙パック／不燃ごみ／ビン・カン,せともの（陶器） ,[不燃ごみ],せ
燃えるごみ,セロテープ,,せ
燃えるごみ,セロテープの芯,,せ
容器包装紙,セロテープの外箱,,せ
古紙類・紙パック／不燃ごみ／ビン・カン,セロテープの台,[不燃ごみ],せ
容器包装紙,洗剤容器（紙） ,中身を残さない,せ
容器包装プラスチック,洗剤容器（プラスチック） ,フタを取り、中をすすぎ、水を切る,せ
燃えるごみ,せんす（木・プラスチック） ,,せ
古紙類・紙パック／不燃ごみ／ビン・カン,せんす（鉄） ,[不燃ごみ],せ
古紙類・紙パック／不燃ごみ／ビン・カン,洗濯バサミ（金属） ,[不燃ごみ],せ
燃えるごみ,洗濯ばさみ（プラスチック） ,,せ
古紙類・紙パック／不燃ごみ／ビン・カン,栓抜き,[不燃ごみ],せ
粗大ごみ／有害ごみ,扇風機,[粗大ごみ]10㎏につき1枚貼る,せ
古紙類・紙パック／不燃ごみ／ビン・カン,洗面器（鉄） ,[不燃ごみ],せ
燃えるごみ,洗面器（プラスチック） ,,せ
古紙類・紙パック／不燃ごみ／ビン・カン,造花（針金含むもの） ,[不燃ごみ],そ
古紙類・紙パック／不燃ごみ／ビン・カン,双眼鏡,[不燃ごみ],そ
粗大ごみ／有害ごみ,掃除機,[粗大ごみ]10㎏につき1枚貼る,そ
燃えるごみ,掃除機のごみ,,そ
古紙類・紙パック／不燃ごみ／ビン・カン,ソースのビン,[ビン]フタを取り、中をすすぎ、水を切る,そ
容器包装プラスチック,ソースの容器（プラスチック） ,フタを取り、中をすすぎ、水を切る,そ
容器包装プラスチック,ソース容器のフタ,すすいで水を切る,そ
粗大ごみ／有害ごみ,ソファー（スプリングなし） ,[粗大ごみ]10㎏につき1枚貼る,そ
燃えるごみ,そろばん,,そ
古紙類・紙パック／不燃ごみ／ビン・カン,体温計（水銀以外） ,[不燃ごみ],た
古紙類・紙パック／不燃ごみ／ビン・カン,体重計,[不燃ごみ],た
燃えるごみ,台所ごみ,,た
古紙類・紙パック／不燃ごみ／ビン・カン,耐熱ガラス,[不燃ごみ],た
古紙類・紙パック／不燃ごみ／ビン・カン,タイマー,[不燃ごみ],た
燃えるごみ,タオルケット,,た
燃えるごみ,竹串,,た
粗大ごみ／有害ごみ,たたみ,[粗大ごみ]10㎏につき1枚貼る,た
燃えるごみ,脱臭剤,,た
燃えるごみ,タッパー（プラスチック） ,,た
燃えるごみ,たばこ,,た
容器包装プラスチック,たばこの外装フィルム,,た
容器包装紙,たばこの箱,中身を残さない,た
古紙類・紙パック／不燃ごみ／ビン・カン,卵切り器,[不燃ごみ],た
容器包装紙,卵パック（紙） ,,た
容器包装プラスチック,卵パック（プラスチック） ,,た
容器包装プラスチック,たまねぎのネット,,た
古紙類・紙パック／不燃ごみ／ビン・カン,たわし,[不燃ごみ],た
粗大ごみ／有害ごみ,タンス,[粗大ごみ]10㎏につき1枚貼る,た
古紙類・紙パック／不燃ごみ／ビン・カン,段ボール,[古紙]1ｍ×1.5ｍ以内で、ひもで十字にくくる,た
古紙類・紙パック／不燃ごみ／ビン・カン,チェーン（金属製） ,[不燃ごみ],ち
粗大ごみ／有害ごみ,チャイルドシート,[粗大ごみ]10㎏につき1枚貼る,ち
燃えるごみ,茶筒（竹・木） ,,ち
古紙類・紙パック／不燃ごみ／ビン・カン,茶碗,[不燃ごみ],ち
燃えるごみ,チューインガム,,ち
容器包装プラスチック,チューブ（わさびやからしが入ったもの） ,使いきり、フタを取り、中をすすぎ、水を切る,ち
古紙類・紙パック／不燃ごみ／ビン・カン,彫刻刀,[不燃ごみ]新聞紙などにくるんで危険と表示,ち
古紙類・紙パック／不燃ごみ／ビン・カン,調味料のビン,[ビン]フタを取り、中をすすぎ、水を切る,ち
古紙類・紙パック／不燃ごみ／ビン・カン,チラシ,[古紙]ひもで十字にくくる,ち
古紙類・紙パック／不燃ごみ／ビン・カン,ちりとり（金属） ,[不燃ごみ],ち
燃えるごみ,ちりとり（プラスチック） ,,ち
古紙類・紙パック／不燃ごみ／ビン・カン,杖（鉄） ,[不燃ごみ]大きい物は粗大,つ
燃えるごみ,杖（木製） ,大きい物は粗大,つ
古紙類・紙パック／不燃ごみ／ビン・カン,使い捨てガスライター,[不燃ごみ]中身を使いきる,つ
粗大ごみ／有害ごみ,机（木・スチール） ,[粗大ごみ]10㎏につき1枚貼る,つ
燃えるごみ,積み木,,つ
古紙類・紙パック／不燃ごみ／ビン・カン,つめ切り,[不燃ごみ],つ
燃えるごみ,釣り糸,,つ
古紙類・紙パック／不燃ごみ／ビン・カン,釣り竿,[不燃ごみ],つ
容器包装紙,ティッシュ箱,,て
容器包装プラスチック,ティッシュ箱の取り出し口のフィルム,,て
燃えるごみ,ティッシュぺーパー,,て
粗大ごみ／有害ごみ,テーブル,[粗大ごみ]10㎏につき1枚貼る,て
古紙類・紙パック／不燃ごみ／ビン・カン,デジタルカメラ,[不燃ごみ],て
燃えるごみ,手紙,,て
粗大ごみ／有害ごみ,手押し車,[粗大ごみ]10㎏につき1枚貼る,て
燃えるごみ,デスクマット,,て
燃えるごみ,手袋,,て
燃えるごみ,テレフォンカード,,て
容器包装紙,電化製品の空き箱,段ボールは古紙類に出す,て
容器包装プラスチック,電化製品の緩衝材,,て
古紙類・紙パック／不燃ごみ／ビン・カン,電気カミソリ,[不燃ごみ],て
粗大ごみ／有害ごみ,電気カーペット,[粗大ごみ]10㎏につき1枚貼る,て
古紙類・紙パック／不燃ごみ／ビン・カン,電気コード,[不燃ごみ],て
古紙類・紙パック／不燃ごみ／ビン・カン,電気スタンド,[不燃ごみ],て
粗大ごみ／有害ごみ,電気毛布,[粗大ごみ]10㎏につき1枚貼る,て
古紙類・紙パック／不燃ごみ／ビン・カン,電球,[不燃ごみ]新聞紙などにくるんで袋に危険と表示,て
粗大ごみ／有害ごみ,電子レンジ,[粗大ごみ]10㎏につき1枚貼る,て
古紙類・紙パック／不燃ごみ／ビン・カン,電卓,[不燃ごみ],て
燃えるごみ,天ぷら油,布や紙にしみこませる,て
古紙類・紙パック／不燃ごみ／ビン・カン,電話機,[不燃ごみ],て
古紙類・紙パック／不燃ごみ／ビン・カン,電話帳,[古紙]ひもで十字にくくる,て
古紙類・紙パック／不燃ごみ／ビン・カン,陶磁器,[不燃ごみ],と
燃えるごみ,籐製品,,と
燃えるごみ,動物のはく製,,と
容器包装プラスチック,豆腐の容器,中をすすぎ、水を切る,と
燃えるごみ,灯油ポンプ（プラスチック） ,,と
古紙類・紙パック／不燃ごみ／ビン・カン,トースター,[不燃ごみ],と
古紙類・紙パック／不燃ごみ／ビン・カン,時計,[不燃ごみ],と
粗大ごみ／有害ごみ,トタン,[粗大ごみ]10㎏につき1枚貼る,と
古紙類・紙パック／不燃ごみ／ビン・カン,土鍋,[不燃ごみ],と
古紙類・紙パック／不燃ごみ／ビン・カン,ドライバー,[不燃ごみ],と
古紙類・紙パック／不燃ごみ／ビン・カン,ドライヤー,[不燃ごみ],と
燃えるごみ,トランプ,,と
古紙類・紙パック／不燃ごみ／ビン・カン,ドリンクビン,[ビン]フタを取り、中をすすぎ、水を切る,と
古紙類・紙パック／不燃ごみ／ビン・カン,ドレッシング容器（ビン） ,[ビン]フタを取り、中をすすぎ、水を切る,と
容器包装プラスチック,ドレッシング容器（プラスチック） ,フタを取り、中をすすぎ、水を切る,と
燃えるごみ,長ぐつ,,な
粗大ごみ／有害ごみ,流し台,[粗大ごみ]10㎏につき1枚貼る,な
燃えるごみ,納豆の容器,汚れが取れにくい物は燃えるごみ,な
古紙類・紙パック／不燃ごみ／ビン・カン,なべ,[不燃ごみ],な
燃えるごみ,生ごみ,,な
粗大ごみ／有害ごみ,生ごみ処理機（電気） ,[粗大ごみ]10㎏につき1枚貼る,な
燃えるごみ,波板,大きい物は粗大,な
古紙類・紙パック／不燃ごみ／ビン・カン,庭ほうき,[不燃ごみ],に
燃えるごみ,人形（紙・布製） ,,に
燃えるごみ,ぬいぐるみ,,ぬ
古紙類・紙パック／不燃ごみ／ビン・カン,塗薬のチューブ（金属） ,[不燃ごみ],ぬ
燃えるごみ,塗薬のチューブ（プラスチック） ,,ぬ
燃えるごみ,布きれ,,ぬ
燃えるごみ,ネガ,,ね
燃えるごみ,ネクタイ,,ね
燃えるごみ,猫用の砂（燃やせるもの） ,,ね
古紙類・紙パック／不燃ごみ／ビン・カン,ノート,[古紙]ひもで十字にくくる,の
古紙類・紙パック／不燃ごみ／ビン・カン,のこぎり,[不燃ごみ],の
容器包装プラスチック,のりのチューブ,フタを取り、中をすすぎ、水を切る,の
古紙類・紙パック／不燃ごみ／ビン・カン,ハーモニカ,[不燃ごみ],は
古紙類・紙パック／不燃ごみ／ビン・カン,灰皿,[不燃ごみ],は
燃えるごみ,葉書,,は
燃えるごみ,はきもの,,は
古紙類・紙パック／不燃ごみ／ビン・カン,白熱球,[不燃ごみ]新聞紙などにくるんで袋に危険と表示,は
古紙類・紙パック／不燃ごみ／ビン・カン,バケツ（金属製） ,[不燃ごみ],は
燃えるごみ,バケツ（プラスチック） ,,は
古紙類・紙パック／不燃ごみ／ビン・カン,はさみ,[不燃ごみ],は
燃えるごみ,箸,,は
燃えるごみ,箸箱（木・プラスチック） ,,は
容器包装紙,バターの外箱,,は
容器包装プラスチック,バターの容器（プラスチック） ,,は
燃えるごみ,発煙筒（使用後） ,,は
古紙類・紙パック／不燃ごみ／ビン・カン,バット（金属製） ,[不燃ごみ],は
燃えるごみ,バット（木製） ,,は
容器包装プラスチック,発泡スチロール,汚れ・異臭があるものは燃えるごみ,は
燃えるごみ,花火（使用後） ,,は
燃えるごみ,歯ブラシ,,は
容器包装プラスチック,歯ブラシの容器,,は
容器包装紙,歯ブラシの容器の台紙,,は
容器包装プラスチック,歯磨きチューブ（プラスチック） ,フタを取り、中をすすぎ、水を切る,は
古紙類・紙パック／不燃ごみ／ビン・カン,刃物,[不燃ごみ]新聞紙などにくるんで袋に危険と表示,は
古紙類・紙パック／不燃ごみ／ビン・カン,針金,[不燃ごみ],は
古紙類・紙パック／不燃ごみ／ビン・カン,ハンガー,[不燃ごみ]プラスチックハンガーは燃えるごみ,は
燃えるごみ,ハンガー（プラスチック） ,プラマークがあっても燃えるごみ,は
燃えるごみ,ハンカチ,,は
古紙類・紙パック／不燃ごみ／ビン・カン,飯ごう,[不燃ごみ],は
燃えるごみ,バンド（皮製） ,金具は取り除く,は
燃えるごみ,ハンドバック（皮革製品） ,容易に外せる金具は取り除く,は
容器包装プラスチック,パンの袋（ビニール製） ,中身を残さない,は
燃えるごみ,ハンモック,,は
燃えるごみ,ビーチボール,,ひ
古紙類・紙パック／不燃ごみ／ビン・カン,ビールビン,[ビン],ひ
燃えるごみ,ビデオテープ,,ひ
燃えるごみ,ビニールシート,,ひ
燃えるごみ,ビニール製品,,ひ
燃えるごみ,ビニールパイプ,,ひ
燃えるごみ,ビニールプール,,ひ
燃えるごみ,ビニール袋,,ひ
燃えるごみ,ビニールホース,,ひ
古紙類・紙パック／不燃ごみ／ビン・カン,火鉢（金属類） ,[不燃ごみ],ひ
古紙類・紙パック／不燃ごみ／ビン・カン,火鉢（陶磁器） ,[不燃ごみ],ひ
燃えるごみ,氷のう,,ひ
古紙類・紙パック／不燃ごみ／ビン・カン,ビン,[ビン]フタを取り、中をすすぎ、水を切る,ひ
粗大ごみ／有害ごみ,ファックス（家庭用） ,[粗大ごみ]10㎏につき1枚貼る,ふ
粗大ごみ／有害ごみ,ファンヒーター,[粗大ごみ]10㎏につき1枚貼る（灯油は抜く）,ふ
燃えるごみ,フィルム,,ふ
容器包装プラスチック,フィルムケース（カメラ用） ,フタをとる,ふ
容器包装紙,フィルムケースの箱,,ふ
燃えるごみ,封筒,,ふ
燃えるごみ,笛（木） ,,ふ
燃えるごみ,笛（プラスチック） ,,ふ
粗大ごみ／有害ごみ,ふすま,[粗大ごみ]10㎏につき1枚貼る,ふ
容器包装紙,ふた（紙製） ,,ふ
古紙類・紙パック／不燃ごみ／ビン・カン,ふた（金属製） ,[不燃ごみ],ふ
容器包装プラスチック,ふた（プラスチック） ,,ふ
粗大ごみ／有害ごみ,仏壇,[粗大ごみ]供養してから出して下さい,ふ
燃えるごみ,筆,,ふ
粗大ごみ／有害ごみ,ふとん,[粗大ごみ]10㎏につき1枚貼る,ふ
古紙類・紙パック／不燃ごみ／ビン・カン,フライパン（金属製） ,[不燃ごみ],ふ
粗大ごみ／有害ごみ,ブラインド,[粗大ごみ]10㎏につき1枚貼る,ふ
燃えるごみ,ブラシ（プラスチック） ,,ふ
燃えるごみ,プラスチック製品,,ふ
燃えるごみ,プラモデル,,ふ
燃えるごみ,プランター,大きい物は粗大,ふ
粗大ごみ／有害ごみ,プリンター（家庭用） ,[粗大ごみ]10㎏につき1枚貼る,ふ
容器包装プラスチック,プリンの容器,フタを取り、中をすすぎ、水を切る,ふ
粗大ごみ／有害ごみ,風呂釜,[粗大ごみ]10㎏につき1枚貼る,ふ
燃えるごみ,フロッピーディスク,,ふ
燃えるごみ,文房具（プラスチック） ,,ふ
粗大ごみ／有害ごみ,ベッド（スプリングなし） ,[粗大ごみ]10㎏につき1枚貼る（解体する）,へ
ペットボトル,ペットボトル（飲料・しょうゆなど） ,フタを取り、中をすすぎ、水を切る,へ
燃えるごみ,ペットボトル（油・ソース） ,,へ
容器包装プラスチック,ペットボトルのフタ,,へ
容器包装プラスチック,ペットボトルのラベル,,へ
古紙類・紙パック／不燃ごみ／ビン・カン,ヘッドホン,[不燃ごみ],へ
粗大ごみ／有害ごみ,ベビーカー,[粗大ごみ]10㎏につき1枚貼る,へ
燃えるごみ,ベルト,,へ
燃えるごみ,ヘルメット,,へ
粗大ごみ／有害ごみ,便器,[粗大ごみ]10㎏につき1枚貼る,へ
古紙類・紙パック／不燃ごみ／ビン・カン,ペンチ,[不燃ごみ],へ
燃えるごみ,弁当箱（商品として買ったもの） ,,へ
容器包装プラスチック,弁当容器（惣菜の器） ,フタを取り、中をすすぎ、水を切る,へ
燃えるごみ,帽子,,ほ
燃えるごみ,ほうき（金属がついていないもの） ,,ほ
容器包装紙,包装紙,,ほ
古紙類・紙パック／不燃ごみ／ビン・カン,防虫剤（使用済） ,[不燃ごみ],ほ
古紙類・紙パック／不燃ごみ／ビン・カン,包丁,[不燃ごみ]新聞紙などにくるんで袋に危険と表示,ほ
燃えるごみ,ホース（ゴム） ,,ほ
燃えるごみ,ボール（スポーツ用具） ,,ほ
古紙類・紙パック／不燃ごみ／ビン・カン,ボールペン,[不燃ごみ],ほ
古紙類・紙パック／不燃ごみ／ビン・カン,ホッチキス,[不燃ごみ],ほ
古紙類・紙パック／不燃ごみ／ビン・カン,ポット,[不燃ごみ],ほ
燃えるごみ,ポリタンク,,ほ
燃えるごみ,保冷剤,,ほ
古紙類・紙パック／不燃ごみ／ビン・カン,本類（文庫本・書籍） ,[古紙]ひもで十字にくくる,ほ
燃えるごみ,まくら,,ま
古紙類・紙パック／不燃ごみ／ビン・カン,マジック（金属含むもの） ,[不燃ごみ],ま
燃えるごみ,マジックペン（プラスチック） ,,ま
粗大ごみ／有害ごみ,マッサージ機,[粗大ごみ]10㎏につき1枚貼る,ま
粗大ごみ／有害ごみ,マッサージチェア,[粗大ごみ]10㎏につき1枚貼る,ま
粗大ごみ／有害ごみ,マットレス（スプリングなし） ,[粗大ごみ]10㎏につき1枚貼る,ま
燃えるごみ,マッチ,,ま
容器包装紙,マッチ箱,中身を残さない,ま
古紙類・紙パック／不燃ごみ／ビン・カン,窓ガラス,[不燃ごみ],ま
燃えるごみ,まな板（木・プラスチック） ,,ま
古紙類・紙パック／不燃ごみ／ビン・カン,魔法ビン,[不燃ごみ],ま
容器包装プラスチック,マヨネーズの外袋,,ま
容器包装プラスチック,マヨネーズの容器,フタを取り、中をすすぎ、水を切る,ま
容器包装プラスチック,みかんのネット,,み
古紙類・紙パック／不燃ごみ／ビン・カン,ミキサー（家庭用） ,[不燃ごみ],み
粗大ごみ／有害ごみ,ミシン,[粗大ごみ]10㎏につき1枚貼る,み
古紙類・紙パック／不燃ごみ／ビン・カン,ミルクの缶,[カン]フタを取り、中をすすぎ、水を切る,み
古紙類・紙パック／不燃ごみ／ビン・カン,眼鏡,[不燃ごみ],め
燃えるごみ,綿棒,,め
燃えるごみ,毛布,大きい物は粗大,も
粗大ごみ／有害ごみ,餅つき器,[粗大ごみ]10㎏につき1枚貼る,も
燃えるごみ,モップ,金具は取り除く,も
粗大ごみ／有害ごみ,物干し竿（1.8m以内） ,[粗大ごみ]10㎏につき1枚貼る,も
粗大ごみ／有害ごみ,物干し台,[粗大ごみ]10㎏につき1枚貼る,も
古紙類・紙パック／不燃ごみ／ビン・カン,やかん,[不燃ごみ],や
粗大ごみ／有害ごみ,湯沸し器,[粗大ごみ]10㎏につき1枚貼る,ゆ
古紙類・紙パック／不燃ごみ／ビン・カン,洋酒ビン,[ビン]フタを取り、中をすすぎ、水を切る,よ
容器包装紙,ヨーグルトのカップ（紙） ,フタを取り、中をすすぎ、水を切る,よ
容器包装プラスチック,ヨーグルトのカップ（プラスチック） ,フタを取り、中をすすぎ、水を切る,よ
容器包装紙,ヨーグルトの３個組の台紙,,よ
容器包装紙,ヨーグルトのフタ（紙） ,,よ
容器包装プラスチック,ヨーグルトのフタ（プラスチック） ,,よ
燃えるごみ,浴槽のふた（木・プラスチック） ,大きい物は粗大,よ
古紙類・紙パック／不燃ごみ／ビン・カン,ライター,[不燃ごみ]中身を使いきる,ら
古紙類・紙パック／不燃ごみ／ビン・カン,ラケット,[不燃ごみ],ら
古紙類・紙パック／不燃ごみ／ビン・カン,ラジオ,[不燃ごみ],ら
古紙類・紙パック／不燃ごみ／ビン・カン,ラジカセ,[不燃ごみ],ら
燃えるごみ,ラップ,,ら
燃えるごみ,ラップの芯,,ら
古紙類・紙パック／不燃ごみ／ビン・カン,ラップの刃（金属） ,[不燃ごみ],ら
容器包装紙,ラップの箱,中身を残さない,ら
燃えるごみ,ランドセル,,ら
粗大ごみ／有害ごみ,ランニングマシーン,[粗大ごみ]10㎏につき1枚貼る,ら
古紙類・紙パック／不燃ごみ／ビン・カン,リモコン,[不燃ごみ]電池を抜く,り
粗大ごみ／有害ごみ,旅行用スーツケース,[粗大ごみ]小さい物（袋に入る物）は不燃,り
燃えるごみ,レコード,,れ
容器包装プラスチック,レジ袋,,れ
燃えるごみ,レトルト食品の内袋,汚れが取れにくいため、燃えるごみ,れ
容器包装紙,レトルト食品の外箱,中身を残さない,れ
燃えるごみ,ロウソク,,ろ
燃えるごみ,ロープ,,ろ
粗大ごみ／有害ごみ,ロッカー,[粗大ごみ]10㎏につき1枚貼る,ろ
粗大ごみ／有害ごみ,ワープロ,[粗大ごみ]10㎏につき1枚貼る,わ
燃えるごみ,ワープロのリボン,,わ
容器包装紙,ワープロのリボンの外箱,,わ
容器包装紙,ワイシャツの台紙,,わ
容器包装プラスチック,ワイシャツの外袋,,わ
燃えるごみ,輪ゴム,,わ
燃えるごみ,割り箸,,わ
容器包装紙,割り箸の袋（紙） ,,わ
容器包装プラスチック,割り箸の袋（ビニール） ,,わ
古紙類・紙パック／不燃ごみ／ビン・カン,割れたビン（細かいもの） ,[不燃ごみ]新聞紙などにくるんで袋に危険と表示,わ
